count,min_from_zero
34695,4080.0
34457,4085.0
34349,4075.0
34069,4105.0
34029,4050.0
33971,4045.0
33944,4055.0
33913,4070.0
33816,4040.0
33758,4035.0
33609,4100.0
33575,4030.0
33298,4025.0
33201,4015.0
33156,4000.0
33109,4020.0
33107,4005.0
33038,4010.0
32872,4155.0
32847,4090.0
32816,3995.0
32794,3990.0
32709,4160.0
32702,4175.0
32674,4180.0
32593,4185.0
32577,3980.0
32572,4065.0
32556,4170.0
32346,4200.0
32342,4095.0
32337,4150.0
32330,4190.0
32309,3975.0
32305,4195.0
32301,4165.0
32155,4115.0
32136,3985.0
32099,4205.0
32015,4230.0
31928,4210.0
31776,3970.0
31731,4140.0
31685,3965.0
31642,4215.0
31633,4220.0
31595,4235.0
31593,4225.0
31586,4250.0
31539,4240.0
31479,4125.0
31428,4245.0
31327,3960.0
31301,3955.0
31271,4135.0
31197,4255.0
31187,2775.0
31108,4060.0
31093,4260.0
31014,2765.0
31003,3950.0
30987,2780.0
30881,2785.0
30831,3945.0
30807,4265.0
30793,2795.0
30708,4130.0
30707,2770.0
30703,2800.0
30640,4275.0
30624,2790.0
30604,4270.0
30570,2760.0
30564,2815.0
30562,2750.0
30527,3940.0
30486,2805.0
30446,3935.0
30432,2810.0
30383,2745.0
30340,4280.0
30290,3925.0
30264,2740.0
30252,2820.0
30207,4110.0
30110,4285.0
30063,4290.0
29999,2755.0
29992,3930.0
29962,3920.0
29872,3915.0
29774,3905.0
29727,2830.0
29700,2825.0
29647,4120.0
29621,3910.0
29610,3900.0
29592,2835.0
29543,4295.0
29537,4305.0
29505,3895.0
29447,4310.0
29441,4300.0
29400,4360.0
29375,4315.0
29347,3890.0
29310,4380.0
29297,4400.0
29288,4325.0
29257,4375.0
29229,4390.0
29210,4340.0
29186,4405.0
29155,4145.0
29146,4385.0
29119,4320.0
29095,3870.0
29082,3885.0
29049,4330.0
29033,3865.0
29021,4420.0
29009,4355.0
29002,4335.0
29000,3860.0
28985,3880.0
28983,4370.0
28974,4415.0
28938,4365.0
28933,4395.0
28915,4430.0
28910,3875.0
28909,2845.0
28894,2840.0
28873,4410.0
28828,4350.0
28814,4345.0
28797,4425.0
28788,4435.0
28743,2860.0
28718,4440.0
28640,4445.0
28554,3855.0
28534,4450.0
28528,2850.0
28471,2855.0
28451,3850.0
28393,3840.0
28367,3845.0
28347,5260.0
28345,2870.0
28302,4465.0
28292,5255.0
28289,4475.0
28285,3835.0
28280,4455.0
28278,3830.0
28233,2865.0
28200,2875.0
28168,4490.0
28112,4480.0
28042,5285.0
28018,4485.0
28017,4470.0
27943,4495.0
27914,5280.0
27885,4460.0
27866,2880.0
27853,3825.0
27785,5250.0
27779,5230.0
27751,2735.0
27729,2885.0
27703,4500.0
27695,2900.0
27649,4505.0
27612,5275.0
27558,3820.0
27550,5220.0
27536,5225.0
27524,4515.0
27502,3815.0
27427,2890.0
27409,2910.0
27339,4510.0
27324,2905.0
27274,4520.0
27242,3810.0
27217,3805.0
27206,2915.0
27182,5320.0
27119,5205.0
27100,5215.0
27100,4525.0
27089,5195.0
27085,5245.0
27071,2895.0
27044,5200.0
27041,5325.0
27023,5210.0
27018,5265.0
26976,5310.0
26974,4530.0
26958,2920.0
26924,2925.0
26896,2930.0
26891,5330.0
26862,3790.0
26859,3800.0
26770,4535.0
26753,3795.0
26715,5190.0
26663,5180.0
26652,5315.0
26584,5185.0
26547,2940.0
26474,2935.0
26473,5270.0
26426,4545.0
26385,5175.0
26364,4555.0
26358,4540.0
26324,2950.0
26313,4550.0
26310,5165.0
26308,5290.0
26293,3780.0
26272,3775.0
26227,3785.0
26219,2960.0
26136,5170.0
26089,4560.0
26009,2945.0
26007,5305.0
25994,5160.0
25975,3770.0
25941,2970.0
25923,3765.0
25912,4565.0
25696,4575.0
25689,2965.0
25673,2955.0
25649,4580.0
25610,4570.0
25561,5150.0
25523,5155.0
25490,3760.0
25486,3125.0
25483,4585.0
25472,5235.0
25417,3130.0
25375,3115.0
25368,5300.0
25368,5145.0
25367,3120.0
25302,3140.0
25290,5240.0
25207,5135.0
25202,3135.0
25107,2985.0
25067,5140.0
25052,5130.0
25045,5125.0
25030,2975.0
25024,3755.0
25013,3000.0
24997,5295.0
24995,3105.0
24980,4590.0
24926,2980.0
24884,2995.0
24862,5120.0
24857,3150.0
24846,2990.0
24844,4595.0
24837,3145.0
24813,3010.0
24810,3100.0
24774,4605.0
24769,3050.0
24750,3015.0
24745,4600.0
24712,3750.0
24704,3005.0
24680,5095.0
24666,3030.0
24609,3025.0
24609,3155.0
24598,3740.0
24563,3035.0
24536,5090.0
24534,3745.0
24519,3020.0
24516,5115.0
24511,5110.0
24483,5100.0
24478,5105.0
24472,3040.0
24469,3045.0
24419,3055.0
24371,3160.0
24315,3735.0
24247,5085.0
24193,4610.0
24082,3165.0
24029,3730.0
23999,3065.0
23991,3060.0
23984,4615.0
23896,3070.0
23891,3110.0
23885,3095.0
23867,3725.0
23852,5075.0
23805,5080.0
23801,3075.0
23788,4620.0
23764,4630.0
23760,3090.0
23662,3080.0
23661,4640.0
23646,3715.0
23634,3180.0
23627,3720.0
23603,3170.0
23551,5070.0
23490,4625.0
23485,3085.0
23459,4635.0
23410,3175.0
23365,3710.0
23347,5065.0
23140,4645.0
23111,3190.0
23035,5055.0
22975,3705.0
22942,3185.0
22875,5060.0
22787,3195.0
22684,5050.0
22658,3200.0
22652,3700.0
22572,4650.0
22513,4655.0
22441,3695.0
22338,3685.0
22331,3210.0
22301,3690.0
22299,4660.0
22279,5045.0
22211,3205.0
21915,5040.0
21905,5035.0
21784,3220.0
21767,4665.0
21734,3675.0
21727,3680.0
21704,3215.0
21654,3225.0
21616,5030.0
21548,3670.0
21508,4670.0
21427,4675.0
21348,5025.0
21211,5020.0
21162,3230.0
21151,2730.0
21150,3665.0
21148,4680.0
20935,3655.0
20831,3660.0
20822,3235.0
20798,4685.0
20713,5015.0
20697,4690.0
20684,3240.0
20579,1260.0
20538,5010.0
20515,3650.0
20511,4695.0
20482,5000.0
20463,5005.0
20349,3245.0
20342,3645.0
20312,3640.0
20306,4705.0
20295,3250.0
20292,3635.0
20205,4700.0
20169,4995.0
20078,4715.0
20078,3255.0
20054,4710.0
19972,3260.0
19892,3630.0
19876,4720.0
19805,4725.0
19787,3625.0
19780,4730.0
19761,4990.0
19664,3610.0
19632,3265.0
19614,3620.0
19605,3615.0
19597,3270.0
19518,4985.0
19436,4735.0
19412,4975.0
19339,4980.0
19279,3275.0
19225,3595.0
19198,3605.0
19188,4740.0
19173,4970.0
19160,3600.0
19121,4965.0
18996,3280.0
18993,3590.0
18952,2700.0
18932,4745.0
18930,2695.0
18908,2725.0
18904,4960.0
18897,4955.0
18893,3585.0
18873,2710.0
18845,2690.0
18833,3285.0
18811,3290.0
18807,2715.0
18802,4750.0
18796,4950.0
18748,3295.0
18747,2720.0
18719,3575.0
18713,3580.0
18668,2685.0
18635,3565.0
18586,4755.0
18549,2705.0
18547,3570.0
18517,4945.0
18515,3545.0
18512,3560.0
18486,4760.0
18450,3300.0
18407,4940.0
18373,3305.0
18350,3310.0
18341,2680.0
18339,3555.0
18320,3540.0
18266,4765.0
18256,3550.0
18249,3315.0
18102,3320.0
18101,2675.0
18092,3335.0
18080,3325.0
18055,3535.0
18034,3330.0
18030,4935.0
18013,4770.0
17934,4930.0
17862,1250.0
17857,3340.0
17853,3530.0
17828,4780.0
17820,4775.0
17816,3525.0
17793,4925.0
17783,2670.0
17750,1245.0
17721,4920.0
17688,3345.0
17624,3350.0
17619,1255.0
17614,4785.0
17576,4795.0
17550,2660.0
17539,3520.0
17533,4790.0
17503,4915.0
17465,2665.0
17445,3360.0
17442,1240.0
17432,3490.0
17407,3480.0
17404,3495.0
17392,2655.0
17384,3355.0
17378,3515.0
17373,2640.0
17337,3365.0
17310,4805.0
17270,3500.0
17261,3510.0
17258,3465.0
17251,4910.0
17245,1235.0
17237,3380.0
17230,3485.0
17222,3505.0
17222,2630.0
17217,3370.0
17196,3375.0
17159,2645.0
17152,4800.0
17142,2635.0
17134,4810.0
17131,3460.0
17106,2650.0
17087,3470.0
17083,3475.0
17071,3420.0
17064,4815.0
17010,3425.0
17004,4905.0
16985,2620.0
16975,4835.0
16964,3455.0
16947,3430.0
16931,3435.0
16919,1225.0
16909,1230.0
16894,3450.0
16887,3445.0
16886,3415.0
16876,4900.0
16875,3390.0
16875,4825.0
16875,2625.0
16865,3385.0
16856,3395.0
16846,3405.0
16835,3410.0
16826,4820.0
16821,2610.0
16786,3440.0
16780,4830.0
16767,4890.0
16758,4845.0
16756,4885.0
16731,2585.0
16726,4895.0
16717,2600.0
16711,4880.0
16688,3400.0
16660,1220.0
16654,4875.0
16616,4840.0
16616,2575.0
16608,4860.0
16587,2580.0
16560,2590.0
16539,4865.0
16518,2615.0
16518,2605.0
16512,2595.0
16503,1215.0
16491,4850.0
16489,4870.0
16483,4855.0
16439,2565.0
16369,2570.0
16163,2560.0
16091,2550.0
16064,1265.0
16055,2510.0
16051,2555.0
16023,1210.0
16017,2535.0
15979,2545.0
15947,2540.0
15947,2525.0
15911,1200.0
15894,1195.0
15882,2530.0
15874,1205.0
15771,2500.0
15685,2520.0
15624,2515.0
15613,1190.0
15481,1185.0
15398,2490.0
15376,2480.0
15344,2495.0
15306,2505.0
15270,2485.0
15160,2475.0
15145,1435.0
15117,1410.0
15072,1430.0
15051,1415.0
15045,1395.0
15003,1425.0
14934,2465.0
14897,1180.0
14883,1405.0
14814,1400.0
14788,1420.0
14771,1390.0
14749,2470.0
14682,1385.0
14624,1440.0
14623,2450.0
14619,2455.0
14587,2460.0
14586,1175.0
14574,1380.0
14534,1375.0
14443,2445.0
14429,1370.0
14377,2430.0
14367,5335.0
14347,2440.0
14304,1275.0
14250,2425.0
14240,2435.0
14128,2415.0
14100,1170.0
14087,2420.0
13908,2410.0
13849,1165.0
13791,2405.0
13735,2400.0
13693,2395.0
13577,1160.0
13474,1155.0
13367,2380.0
13331,1150.0
13319,2385.0
13184,1445.0
13124,2390.0
13072,1145.0
13015,1285.0
12998,2365.0
12981,2375.0
12750,2370.0
12679,1365.0
12677,2355.0
12588,1140.0
12584,2360.0
12476,1135.0
12469,2345.0
12388,2335.0
12195,2350.0
12135,2340.0
12054,2330.0
12003,2325.0
11890,1130.0
11878,2310.0
11817,1295.0
11792,2315.0
11774,1455.0
11738,2320.0
11643,2300.0
11433,2305.0
11291,2290.0
11290,2295.0
11180,1125.0
11133,2280.0
11035,1305.0
11013,2275.0
10969,2285.0
10815,1300.0
10769,2265.0
10688,1280.0
10683,1315.0
10680,1290.0
10657,1270.0
10630,1465.0
10595,2270.0
10561,2255.0
10462,2260.0
10443,1120.0
10397,2230.0
10360,1360.0
10335,2250.0
10281,1310.0
10265,1320.0
10223,2240.0
10168,2245.0
10094,1335.0
10038,1325.0
9976,2235.0
9966,1115.0
9909,1475.0
9892,1330.0
9876,1485.0
9865,1355.0
9844,1345.0
9781,1340.0
9739,1350.0
9702,2225.0
9593,1110.0
9581,2215.0
9578,1495.0
9574,2220.0
9460,2210.0
9452,2205.0
9419,1555.0
9384,1520.0
9352,1550.0
9293,1575.0
9289,2195.0
9277,1565.0
9215,1570.0
9210,1545.0
9192,1600.0
9188,1535.0
9175,1505.0
9159,1540.0
9145,1560.0
9145,1510.0
9139,1590.0
9094,1530.0
9084,1585.0
9082,1595.0
9050,1490.0
9044,1515.0
9035,1525.0
9034,2185.0
9032,1500.0
9031,2175.0
9030,1480.0
9027,2200.0
9016,1580.0
8944,1105.0
8833,1605.0
8774,1610.0
8745,1615.0
8742,2165.0
8629,2190.0
8623,1470.0
8545,2155.0
8386,1460.0
8372,2180.0
8256,2145.0
8153,2170.0
8055,2135.0
8050,1100.0
7761,2160.0
7670,2120.0
7645,1815.0
7596,1790.0
7586,1095.0
7534,2130.0
7529,1825.0
7519,1780.0
7513,2150.0
7488,2110.0
7487,1800.0
7466,1945.0
7458,1805.0
7453,2140.0
7432,2095.0
7413,1450.0
7398,1820.0
7391,1830.0
7380,1090.0
7351,1775.0
7347,1785.0
7320,1835.0
7317,1840.0
7242,1810.0
7228,2125.0
7185,2085.0
7185,1850.0
7183,1795.0
7146,1965.0
7102,1930.0
7096,1910.0
7089,2105.0
7073,1860.0
7072,1900.0
7065,1920.0
7059,1955.0
7002,2070.0
7002,2045.0
6960,1635.0
6899,1845.0
6869,2060.0
6835,1885.0
6832,1880.0
6820,2115.0
6812,1875.0
6784,1870.0
6765,1975.0
6719,2000.0
6702,1890.0
6694,1865.0
6659,2010.0
6649,1770.0
6634,2025.0
6614,1855.0
6603,1935.0
6602,1905.0
6592,2080.0
6586,1895.0
6564,1990.0
6543,2100.0
6539,2090.0
6488,1085.0
6469,1925.0
6455,2075.0
6422,2035.0
6408,1915.0
6407,2055.0
6369,1640.0
6346,2065.0
6308,1950.0
6298,1960.0
6284,1755.0
6283,1080.0
6279,1620.0
6272,1985.0
6264,2020.0
6247,1970.0
6207,1760.0
6205,2050.0
6202,1940.0
6194,2040.0
6156,1660.0
6152,2015.0
6117,2030.0
6106,1765.0
6053,1980.0
6030,1075.0
6004,1995.0
5972,1655.0
5922,1680.0
5916,1720.0
5801,1700.0
5765,2005.0
5741,1740.0
5692,1070.0
5690,1695.0
5677,1745.0
5673,1715.0
5650,1675.0
5603,1630.0
5576,1750.0
5531,1735.0
5518,1685.0
5516,1730.0
5490,1690.0
5490,1725.0
5430,1705.0
5261,1065.0
5247,1665.0
5236,1650.0
5234,1710.0
5062,1670.0
4930,1645.0
4785,1060.0
4300,1055.0
4195,1625.0
3968,1050.0
3699,1045.0
3500,1040.0
2919,1035.0
2657,1030.0
2202,1025.0
1629,1020.0
697,1015.0
24,90.0
18,150.0
17,100.0
17,145.0
17,155.0
17,300.0
15,270.0
15,940.0
15,20.0
15,470.0
13,295.0
13,475.0
13,290.0
12,15.0
12,265.0
12,140.0
11,325.0
10,95.0
9,225.0
8,220.0
8,135.0
8,305.0
7,285.0
7,50.0
6,945.0
6,85.0
6,480.0
5,965.0
5,45.0
4,165.0
4,905.0
4,970.0
4,910.0
4,915.0
3,175.0
3,975.0
3,55.0
2,5.0
2,950.0
2,900.0
2,935.0
2,255.0
2,35.0
2,920.0
2,510.0
2,320.0
2,955.0
2,240.0
1,880.0
1,65.0
1,235.0
1,40.0
1,205.0
1,260.0
1,0.0
1,230.0
1,215.0
1,115.0
1,180.0
